id,title,description,layer,phase_dir,check_type,deps,context_from,wave,status,findings,gaps_found,fix_plan,error
"1","Truth: 模块协议支持五个标准方法","验证模块协议定义了 status/start/stop/logs/settings 五个标准方法，通过检查 src/types/module.ts 接口定义","truth",".workflow/scratch/phase-1.1-module-protocol/","observable_behavior","","","1","pending","","","",""
"2","Truth: 三种适配器可以管理进程生命周期","验证 Node.js/Python/Shell 三种适配器都能启动、停止和查询进程状态","truth",".workflow/scratch/phase-1.1-module-protocol/","observable_behavior","","","1","pending","","","",""
"3","Truth: 文档和示例完整可用","验证接入指南完整且三种类型的示例模块都存在","truth",".workflow/scratch/phase-1.1-module-protocol/","observable_behavior","","","1","pending","","","",""
"4","Artifact Exists: docs/module-protocol.md","检查 L1 存在性：验证文件 docs/module-protocol.md 存在","artifact",".workflow/scratch/phase-1.1-module-protocol/","exists","","","1","pending","","","",""
"5","Artifact Exists: src/types/module.ts","检查 L1 存在性：验证文件 src/types/module.ts 存在","artifact",".workflow/scratch/phase-1.1-module-protocol/","exists","","","1","pending","","","",""
"6","Artifact Exists: src/adapters/base-adapter.ts","检查 L1 存在性：验证文件 src/adapters/base-adapter.ts 存在","artifact",".workflow/scratch/phase-1.1-module-protocol/","exists","","","1","pending","","","",""
"7","Artifact Exists: src/adapters/nodejs-adapter.ts","检查 L1 存在性：验证文件 src/adapters/nodejs-adapter.ts 存在","artifact",".workflow/scratch/phase-1.1-module-protocol/","exists","","","1","pending","","","",""
"8","Artifact Exists: src/adapters/python-adapter.ts","检查 L1 存在性：验证文件 src/adapters/python-adapter.ts 存在","artifact",".workflow/scratch/phase-1.1-module-protocol/","exists","","","1","pending","","","",""
"9","Artifact Exists: src/adapters/shell-adapter.ts","检查 L1 存在性：验证文件 src/adapters/shell-adapter.ts 存在","artifact",".workflow/scratch/phase-1.1-module-protocol/","exists","","","1","pending","","","",""
"10","Artifact Exists: docs/getting-started.md","检查 L1 存在性：验证文件 docs/getting-started.md 存在","artifact",".workflow/scratch/phase-1.1-module-protocol/","exists","","","1","pending","","","",""
"11","Artifact Exists: examples/nodejs-module/","检查 L1 存在性：验证目录 examples/nodejs-module/ 存在","artifact",".workflow/scratch/phase-1.1-module-protocol/","exists","","","1","pending","","","",""
"12","Artifact Exists: examples/python-module/","检查 L1 存在性：验证目录 examples/python-module/ 存在","artifact",".workflow/scratch/phase-1.1-module-protocol/","exists","","","1","pending","","","",""
"13","Artifact Exists: examples/shell-module/","检查 L1 存在性：验证目录 examples/shell-module/ 存在","artifact",".workflow/scratch/phase-1.1-module-protocol/","exists","","","1","pending","","","",""
"14","Artifact Substance: src/types/module.ts","检查 L2 实质性：验证 src/types/module.ts 包含完整的 ModuleProtocol 接口定义，不是占位符","artifact",".workflow/scratch/phase-1.1-module-protocol/","substance","5","5","2","pending","","","",""
"15","Artifact Substance: src/adapters/base-adapter.ts","检查 L2 实质性：验证 src/adapters/base-adapter.ts 包含真实的基础适配器实现，不是占位符","artifact",".workflow/scratch/phase-1.1-module-protocol/","substance","6","6","2","pending","","","",""
"16","Artifact Substance: src/adapters/nodejs-adapter.ts","检查 L2 实质性：验证 src/adapters/nodejs-adapter.ts 包含真实的 Node.js 适配器实现，不是占位符","artifact",".workflow/scratch/phase-1.1-module-protocol/","substance","7","7","2","pending","","","",""
"17","Artifact Substance: src/adapters/python-adapter.ts","检查 L2 实质性：验证 src/adapters/python-adapter.ts 包含真实的 Python 适配器实现，不是占位符","artifact",".workflow/scratch/phase-1.1-module-protocol/","substance","8","8","2","pending","","","",""
"18","Artifact Substance: src/adapters/shell-adapter.ts","检查 L2 实质性：验证 src/adapters/shell-adapter.ts 包含真实的 Shell 适配器实现，不是占位符","artifact",".workflow/scratch/phase-1.1-module-protocol/","substance","9","9","2","pending","","","",""
"19","Artifact Substance: docs/module-protocol.md","检查 L2 实质性：验证 docs/module-protocol.md 包含完整的协议文档，不是占位符","artifact",".workflow/scratch/phase-1.1-module-protocol/","substance","4","4","2","pending","","","",""
"20","Artifact Substance: docs/getting-started.md","检查 L2 实质性：验证 docs/getting-started.md 包含完整的接入指南，不是占位符","artifact",".workflow/scratch/phase-1.1-module-protocol/","substance","10","10","2","pending","","","",""
"21","Wiring: nodejs-adapter -> base-adapter","检查 L3 连接：验证 nodejs-adapter.ts 继承或导入 base-adapter.ts","wiring",".workflow/scratch/phase-1.1-module-protocol/","import_usage","6;7","6;7","2","pending","","","",""
"22","Wiring: python-adapter -> base-adapter","检查 L3 连接：验证 python-adapter.ts 继承或导入 base-adapter.ts","wiring",".workflow/scratch/phase-1.1-module-protocol/","import_usage","6;8","6;8","2","pending","","","",""
"23","Wiring: shell-adapter -> base-adapter","检查 L3 连接：验证 shell-adapter.ts 继承或导入 base-adapter.ts","wiring",".workflow/scratch/phase-1.1-module-protocol/","import_usage","6;9","6;9","2","pending","","","",""
"24","Wiring: adapters -> ModuleProtocol","检查 L3 连接：验证所有适配器都实现了 ModuleProtocol 接口","wiring",".workflow/scratch/phase-1.1-module-protocol/","import_usage","5;7;8;9","5;7;8;9","2","pending","","","",""
"25","Anti-Pattern Scan","扫描所有修改的文件查找 TODO/FIXME/XXX/HACK、占位符内容、空返回、仅日志函数、硬编码测试数据、禁用的测试。分类为 Blocker/Warning/Info","antipattern",".workflow/scratch/phase-1.1-module-protocol/","pattern_scan","1;2;3;14;15;16;17;18;19;20;21;22;23;24","1;2;3;14;15;16;17;18;19;20;21;22;23;24","3","pending","","","",""
"26","Nyquist Test Coverage Audit","将需求映射到测试文件。分类为 COVERED/PARTIAL/MISSING。检测测试框架，如果可用则运行覆盖率","nyquist",".workflow/scratch/phase-1.1-module-protocol/","test_coverage","1;2;3;14;15;16;17;18;19;20;21;22;23;24","1;2;3;14;15;16;17;18;19;20;21;22;23;24","3","pending","","","",""
